Edge	Score_init	Score_changed
acald_c (pp) ACALD	1.0	4.0
acald_c (pp) accoa_c	1.0	4.0
acald_c (pp) h_c	1.0	4.0
acald_c (pp) nadh_c	1.0	4.0
coa_c (pp) ACALD	1.0	4.0
coa_c (pp) accoa_c	1.0	4.0
coa_c (pp) h_c	1.0	4.0
coa_c (pp) nadh_c	1.0	4.0
nad_c (pp) ACALD	1.0	4.0
nad_c (pp) accoa_c	1.0	4.0
nad_c (pp) h_c	1.0	4.0
nad_c (pp) nadh_c	1.0	4.0
ACALD (pp) ACALD	1.0	4.0
ACALD (pp) accoa_c	1.0	4.0
ACALD (pp) h_c	1.0	4.0
ACALD (pp) nadh_c	1.0	4.0
acald_e (pp) ACALDt	1.0	0.5
acald_e (pp) acald_c	1.0	0.5
ACALDt (pp) ACALDt	1.0	0.5
ACALDt (pp) acald_c	1.0	0.5
ac_c (pp) ACKr	1.0	4.0
ac_c (pp) actp_c	1.0	4.0
ac_c (pp) adp_c	1.0	4.0
atp_c (pp) ACKr	1.0	4.0
atp_c (pp) actp_c	1.0	4.0
atp_c (pp) adp_c	1.0	4.0
ACKr (pp) ACKr	1.0	4.0
ACKr (pp) actp_c	1.0	4.0
ACKr (pp) adp_c	1.0	4.0
cit_c (pp) ACONTa	1.0	1.0
cit_c (pp) h2o_c	1.0	1.0
cit_c (pp) acon_C_c	1.0	1.0
ACONTa (pp) ACONTa	1.0	1.0
ACONTa (pp) h2o_c	1.0	1.0
ACONTa (pp) acon_C_c	1.0	1.0
h2o_c (pp) ACONTb	1.0	0.5
h2o_c (pp) icit_c	1.0	0.5
acon_C_c (pp) ACONTb	1.0	0.5
acon_C_c (pp) icit_c	1.0	0.5
ACONTb (pp) ACONTb	1.0	0.5
ACONTb (pp) icit_c	1.0	0.5
h_e (pp) ACt2r	1.0	4.0
h_e (pp) ac_c	1.0	4.0
h_e (pp) h_c	1.0	4.0
ac_e (pp) ACt2r	1.0	4.0
ac_e (pp) ac_c	1.0	4.0
ac_e (pp) h_c	1.0	4.0
ACt2r (pp) ACt2r	1.0	4.0
ACt2r (pp) ac_c	1.0	4.0
ACt2r (pp) h_c	1.0	4.0
atp_c (pp) ADK1	1.0	4.0
atp_c (pp) adp_c	1.0	4.0
amp_c (pp) ADK1	1.0	4.0
amp_c (pp) adp_c	1.0	4.0
ADK1 (pp) ADK1	1.0	4.0
ADK1 (pp) adp_c	1.0	4.0
akg_c (pp) AKGDH	1.0	4.0
akg_c (pp) nadh_c	1.0	4.0
akg_c (pp) succoa_c	1.0	4.0
akg_c (pp) co2_c	1.0	4.0
coa_c (pp) AKGDH	1.0	4.0
coa_c (pp) nadh_c	1.0	4.0
coa_c (pp) succoa_c	1.0	4.0
coa_c (pp) co2_c	1.0	4.0
nad_c (pp) AKGDH	1.0	4.0
nad_c (pp) nadh_c	1.0	4.0
nad_c (pp) succoa_c	1.0	4.0
nad_c (pp) co2_c	1.0	4.0
AKGDH (pp) AKGDH	1.0	4.0
AKGDH (pp) nadh_c	1.0	4.0
AKGDH (pp) succoa_c	1.0	4.0
AKGDH (pp) co2_c	1.0	4.0
h_e (pp) AKGt2r	1.0	4.0
h_e (pp) akg_c	1.0	4.0
h_e (pp) h_c	1.0	4.0
akg_e (pp) AKGt2r	1.0	4.0
akg_e (pp) akg_c	1.0	4.0
akg_e (pp) h_c	1.0	4.0
AKGt2r (pp) AKGt2r	1.0	4.0
AKGt2r (pp) akg_c	1.0	4.0
AKGt2r (pp) h_c	1.0	4.0
etoh_c (pp) ALCD2x	1.0	4.0
etoh_c (pp) acald_c	1.0	4.0
etoh_c (pp) nadh_c	1.0	4.0
etoh_c (pp) h_c	1.0	4.0
nad_c (pp) ALCD2x	1.0	4.0
nad_c (pp) acald_c	1.0	4.0
nad_c (pp) nadh_c	1.0	4.0
nad_c (pp) h_c	1.0	4.0
ALCD2x (pp) ALCD2x	1.0	4.0
ALCD2x (pp) acald_c	1.0	4.0
ALCD2x (pp) nadh_c	1.0	4.0
ALCD2x (pp) h_c	1.0	4.0
h2o_c (pp) ATPM	1.0	4.0
h2o_c (pp) pi_c	1.0	4.0
h2o_c (pp) h_c	1.0	4.0
h2o_c (pp) adp_c	1.0	4.0
atp_c (pp) ATPM	1.0	4.0
atp_c (pp) pi_c	1.0	4.0
atp_c (pp) h_c	1.0	4.0
atp_c (pp) adp_c	1.0	4.0
ATPM (pp) ATPM	1.0	4.0
ATPM (pp) pi_c	1.0	4.0
ATPM (pp) h_c	1.0	4.0
ATPM (pp) adp_c	1.0	4.0
h_e (pp) ATPS4r	1.0	2.0
h_e (pp) h2o_c	1.0	2.0
h_e (pp) atp_c	1.0	2.0
h_e (pp) h_c	1.0	2.0
adp_c (pp) ATPS4r	1.0	2.0
adp_c (pp) h2o_c	1.0	2.0
adp_c (pp) atp_c	1.0	2.0
adp_c (pp) h_c	1.0	2.0
pi_c (pp) ATPS4r	1.0	2.0
pi_c (pp) h2o_c	1.0	2.0
pi_c (pp) atp_c	1.0	2.0
pi_c (pp) h_c	1.0	2.0
ATPS4r (pp) ATPS4r	1.0	2.0
ATPS4r (pp) h2o_c	1.0	2.0
ATPS4r (pp) atp_c	1.0	2.0
ATPS4r (pp) h_c	1.0	2.0
h2o_c (pp) BIOMASS_Ecoli_core_w_GAM	1.0	4.0
h2o_c (pp) h_c	1.0	4.0
h2o_c (pp) coa_c	1.0	4.0
h2o_c (pp) adp_c	1.0	4.0
h2o_c (pp) nadh_c	1.0	4.0
h2o_c (pp) akg_c	1.0	4.0
h2o_c (pp) nadp_c	1.0	4.0
h2o_c (pp) pi_c	1.0	4.0
glu__L_c (pp) BIOMASS_Ecoli_core_w_GAM	1.0	4.0
glu__L_c (pp) h_c	1.0	4.0
glu__L_c (pp) coa_c	1.0	4.0
glu__L_c (pp) adp_c	1.0	4.0
glu__L_c (pp) nadh_c	1.0	4.0
glu__L_c (pp) akg_c	1.0	4.0
glu__L_c (pp) nadp_c	1.0	4.0
glu__L_c (pp) pi_c	1.0	4.0
g3p_c (pp) BIOMASS_Ecoli_core_w_GAM	1.0	4.0
g3p_c (pp) h_c	1.0	4.0
g3p_c (pp) coa_c	1.0	4.0
g3p_c (pp) adp_c	1.0	4.0
g3p_c (pp) nadh_c	1.0	4.0
g3p_c (pp) akg_c	1.0	4.0
g3p_c (pp) nadp_c	1.0	4.0
g3p_c (pp) pi_c	1.0	4.0
e4p_c (pp) BIOMASS_Ecoli_core_w_GAM	1.0	4.0
e4p_c (pp) h_c	1.0	4.0
e4p_c (pp) coa_c	1.0	4.0
e4p_c (pp) adp_c	1.0	4.0
e4p_c (pp) nadh_c	1.0	4.0
e4p_c (pp) akg_c	1.0	4.0
e4p_c (pp) nadp_c	1.0	4.0
e4p_c (pp) pi_c	1.0	4.0
r5p_c (pp) BIOMASS_Ecoli_core_w_GAM	1.0	4.0
r5p_c (pp) h_c	1.0	4.0
r5p_c (pp) coa_c	1.0	4.0
r5p_c (pp) adp_c	1.0	4.0
r5p_c (pp) nadh_c	1.0	4.0
r5p_c (pp) akg_c	1.0	4.0
r5p_c (pp) nadp_c	1.0	4.0
r5p_c (pp) pi_c	1.0	4.0
atp_c (pp) BIOMASS_Ecoli_core_w_GAM	1.0	4.0
atp_c (pp) h_c	1.0	4.0
atp_c (pp) coa_c	1.0	4.0
atp_c (pp) adp_c	1.0	4.0
atp_c (pp) nadh_c	1.0	4.0
atp_c (pp) akg_c	1.0	4.0
atp_c (pp) nadp_c	1.0	4.0
atp_c (pp) pi_c	1.0	4.0
f6p_c (pp) BIOMASS_Ecoli_core_w_GAM	1.0	4.0
f6p_c (pp) h_c	1.0	4.0
f6p_c (pp) coa_c	1.0	4.0
f6p_c (pp) adp_c	1.0	4.0
f6p_c (pp) nadh_c	1.0	4.0
f6p_c (pp) akg_c	1.0	4.0
f6p_c (pp) nadp_c	1.0	4.0
f6p_c (pp) pi_c	1.0	4.0
pyr_c (pp) BIOMASS_Ecoli_core_w_GAM	1.0	4.0
pyr_c (pp) h_c	1.0	4.0
pyr_c (pp) coa_c	1.0	4.0
pyr_c (pp) adp_c	1.0	4.0
pyr_c (pp) nadh_c	1.0	4.0
pyr_c (pp) akg_c	1.0	4.0
pyr_c (pp) nadp_c	1.0	4.0
pyr_c (pp) pi_c	1.0	4.0
nad_c (pp) BIOMASS_Ecoli_core_w_GAM	1.0	4.0
nad_c (pp) h_c	1.0	4.0
nad_c (pp) coa_c	1.0	4.0
nad_c (pp) adp_c	1.0	4.0
nad_c (pp) nadh_c	1.0	4.0
nad_c (pp) akg_c	1.0	4.0
nad_c (pp) nadp_c	1.0	4.0
nad_c (pp) pi_c	1.0	4.0
g6p_c (pp) BIOMASS_Ecoli_core_w_GAM	1.0	4.0
g6p_c (pp) h_c	1.0	4.0
g6p_c (pp) coa_c	1.0	4.0
g6p_c (pp) adp_c	1.0	4.0
g6p_c (pp) nadh_c	1.0	4.0
g6p_c (pp) akg_c	1.0	4.0
g6p_c (pp) nadp_c	1.0	4.0
g6p_c (pp) pi_c	1.0	4.0
accoa_c (pp) BIOMASS_Ecoli_core_w_GAM	1.0	4.0
accoa_c (pp) h_c	1.0	4.0
accoa_c (pp) coa_c	1.0	4.0
accoa_c (pp) adp_c	1.0	4.0
accoa_c (pp) nadh_c	1.0	4.0
accoa_c (pp) akg_c	1.0	4.0
accoa_c (pp) nadp_c	1.0	4.0
accoa_c (pp) pi_c	1.0	4.0
oaa_c (pp) BIOMASS_Ecoli_core_w_GAM	1.0	4.0
oaa_c (pp) h_c	1.0	4.0
oaa_c (pp) coa_c	1.0	4.0
oaa_c (pp) adp_c	1.0	4.0
oaa_c (pp) nadh_c	1.0	4.0
oaa_c (pp) akg_c	1.0	4.0
oaa_c (pp) nadp_c	1.0	4.0
oaa_c (pp) pi_c	1.0	4.0
3pg_c (pp) BIOMASS_Ecoli_core_w_GAM	1.0	4.0
3pg_c (pp) h_c	1.0	4.0
3pg_c (pp) coa_c	1.0	4.0
3pg_c (pp) adp_c	1.0	4.0
3pg_c (pp) nadh_c	1.0	4.0
3pg_c (pp) akg_c	1.0	4.0
3pg_c (pp) nadp_c	1.0	4.0
3pg_c (pp) pi_c	1.0	4.0
pep_c (pp) BIOMASS_Ecoli_core_w_GAM	1.0	4.0
pep_c (pp) h_c	1.0	4.0
pep_c (pp) coa_c	1.0	4.0
pep_c (pp) adp_c	1.0	4.0
pep_c (pp) nadh_c	1.0	4.0
pep_c (pp) akg_c	1.0	4.0
pep_c (pp) nadp_c	1.0	4.0
pep_c (pp) pi_c	1.0	4.0
gln__L_c (pp) BIOMASS_Ecoli_core_w_GAM	1.0	4.0
gln__L_c (pp) h_c	1.0	4.0
gln__L_c (pp) coa_c	1.0	4.0
gln__L_c (pp) adp_c	1.0	4.0
gln__L_c (pp) nadh_c	1.0	4.0
gln__L_c (pp) akg_c	1.0	4.0
gln__L_c (pp) nadp_c	1.0	4.0
gln__L_c (pp) pi_c	1.0	4.0
nadph_c (pp) BIOMASS_Ecoli_core_w_GAM	1.0	4.0
nadph_c (pp) h_c	1.0	4.0
nadph_c (pp) coa_c	1.0	4.0
nadph_c (pp) adp_c	1.0	4.0
nadph_c (pp) nadh_c	1.0	4.0
nadph_c (pp) akg_c	1.0	4.0
nadph_c (pp) nadp_c	1.0	4.0
nadph_c (pp) pi_c	1.0	4.0
BIOMASS_Ecoli_core_w_GAM (pp) BIOMASS_Ecoli_core_w_GAM	1.0	4.0
BIOMASS_Ecoli_core_w_GAM (pp) h_c	1.0	4.0
BIOMASS_Ecoli_core_w_GAM (pp) coa_c	1.0	4.0
BIOMASS_Ecoli_core_w_GAM (pp) adp_c	1.0	4.0
BIOMASS_Ecoli_core_w_GAM (pp) nadh_c	1.0	4.0
BIOMASS_Ecoli_core_w_GAM (pp) akg_c	1.0	4.0
BIOMASS_Ecoli_core_w_GAM (pp) nadp_c	1.0	4.0
BIOMASS_Ecoli_core_w_GAM (pp) pi_c	1.0	4.0
co2_e (pp) CO2t	1.0	0.5
co2_e (pp) co2_c	1.0	0.5
CO2t (pp) CO2t	1.0	0.5
CO2t (pp) co2_c	1.0	0.5
h2o_c (pp) CS	1.0	4.0
h2o_c (pp) cit_c	1.0	4.0
h2o_c (pp) coa_c	1.0	4.0
h2o_c (pp) h_c	1.0	4.0
oaa_c (pp) CS	1.0	4.0
oaa_c (pp) cit_c	1.0	4.0
oaa_c (pp) coa_c	1.0	4.0
oaa_c (pp) h_c	1.0	4.0
accoa_c (pp) CS	1.0	4.0
accoa_c (pp) cit_c	1.0	4.0
accoa_c (pp) coa_c	1.0	4.0
accoa_c (pp) h_c	1.0	4.0
CS (pp) CS	1.0	4.0
CS (pp) cit_c	1.0	4.0
CS (pp) coa_c	1.0	4.0
CS (pp) h_c	1.0	4.0
o2_c (pp) CYTBD	1.0	0.25
o2_c (pp) h2o_c	1.0	0.25
o2_c (pp) h_e	1.0	0.25
o2_c (pp) q8_c	1.0	0.25
q8h2_c (pp) CYTBD	1.0	0.25
q8h2_c (pp) h2o_c	1.0	0.25
q8h2_c (pp) h_e	1.0	0.25
q8h2_c (pp) q8_c	1.0	0.25
h_c (pp) CYTBD	1.0	0.25
h_c (pp) h2o_c	1.0	0.25
h_c (pp) h_e	1.0	0.25
h_c (pp) q8_c	1.0	0.25
CYTBD (pp) CYTBD	1.0	0.25
CYTBD (pp) h2o_c	1.0	0.25
CYTBD (pp) h_e	1.0	0.25
CYTBD (pp) q8_c	1.0	0.25
lac__D_e (pp) D_LACt2	1.0	4.0
lac__D_e (pp) lac__D_c	1.0	4.0
lac__D_e (pp) h_c	1.0	4.0
h_e (pp) D_LACt2	1.0	4.0
h_e (pp) lac__D_c	1.0	4.0
h_e (pp) h_c	1.0	4.0
D_LACt2 (pp) D_LACt2	1.0	4.0
D_LACt2 (pp) lac__D_c	1.0	4.0
D_LACt2 (pp) h_c	1.0	4.0
2pg_c (pp) ENO	1.0	0.25
2pg_c (pp) pep_c	1.0	0.25
2pg_c (pp) h2o_c	1.0	0.25
ENO (pp) ENO	1.0	0.25
ENO (pp) pep_c	1.0	0.25
ENO (pp) h2o_c	1.0	0.25
etoh_e (pp) ETOHt2r	1.0	4.0
etoh_e (pp) h_c	1.0	4.0
etoh_e (pp) etoh_c	1.0	4.0
h_e (pp) ETOHt2r	1.0	4.0
h_e (pp) h_c	1.0	4.0
h_e (pp) etoh_c	1.0	4.0
ETOHt2r (pp) ETOHt2r	1.0	4.0
ETOHt2r (pp) h_c	1.0	4.0
ETOHt2r (pp) etoh_c	1.0	4.0
ac_e (pp) EX_ac_e	1.0	1.0
EX_ac_e (pp) EX_ac_e	1.0	1.0
acald_e (pp) EX_acald_e	1.0	1.0
EX_acald_e (pp) EX_acald_e	1.0	1.0
akg_e (pp) EX_akg_e	1.0	1.0
EX_akg_e (pp) EX_akg_e	1.0	1.0
co2_e (pp) EX_co2_e	1.0	1.0
EX_co2_e (pp) EX_co2_e	1.0	1.0
etoh_e (pp) EX_etoh_e	1.0	1.0
EX_etoh_e (pp) EX_etoh_e	1.0	1.0
for_e (pp) EX_for_e	1.0	1.0
EX_for_e (pp) EX_for_e	1.0	1.0
fru_e (pp) EX_fru_e	1.0	1.0
EX_fru_e (pp) EX_fru_e	1.0	1.0
fum_e (pp) EX_fum_e	1.0	1.0
EX_fum_e (pp) EX_fum_e	1.0	1.0
glc__D_e (pp) EX_glc__D_e	1.0	1.0
EX_glc__D_e (pp) EX_glc__D_e	1.0	1.0
gln__L_e (pp) EX_gln__L_e	1.0	1.0
EX_gln__L_e (pp) EX_gln__L_e	1.0	1.0
glu__L_e (pp) EX_glu__L_e	1.0	1.0
EX_glu__L_e (pp) EX_glu__L_e	1.0	1.0
h_e (pp) EX_h_e	1.0	1.0
EX_h_e (pp) EX_h_e	1.0	1.0
h2o_e (pp) EX_h2o_e	1.0	1.0
EX_h2o_e (pp) EX_h2o_e	1.0	1.0
lac__D_e (pp) EX_lac__D_e	1.0	1.0
EX_lac__D_e (pp) EX_lac__D_e	1.0	1.0
mal__L_e (pp) EX_mal__L_e	1.0	1.0
EX_mal__L_e (pp) EX_mal__L_e	1.0	1.0
nh4_e (pp) EX_nh4_e	1.0	1.0
EX_nh4_e (pp) EX_nh4_e	1.0	1.0
o2_e (pp) EX_o2_e	1.0	1.0
EX_o2_e (pp) EX_o2_e	1.0	1.0
pi_e (pp) EX_pi_e	1.0	1.0
EX_pi_e (pp) EX_pi_e	1.0	1.0
pyr_e (pp) EX_pyr_e	1.0	1.0
EX_pyr_e (pp) EX_pyr_e	1.0	1.0
succ_e (pp) EX_succ_e	1.0	1.0
EX_succ_e (pp) EX_succ_e	1.0	1.0
fdp_c (pp) FBA	1.0	4.0
fdp_c (pp) dhap_c	1.0	4.0
fdp_c (pp) g3p_c	1.0	4.0
FBA (pp) FBA	1.0	4.0
FBA (pp) dhap_c	1.0	4.0
FBA (pp) g3p_c	1.0	4.0
h2o_c (pp) FBP	1.0	4.0
h2o_c (pp) pi_c	1.0	4.0
h2o_c (pp) f6p_c	1.0	4.0
fdp_c (pp) FBP	1.0	4.0
fdp_c (pp) pi_c	1.0	4.0
fdp_c (pp) f6p_c	1.0	4.0
FBP (pp) FBP	1.0	4.0
FBP (pp) pi_c	1.0	4.0
FBP (pp) f6p_c	1.0	4.0
for_e (pp) FORt2	1.0	4.0
for_e (pp) h_c	1.0	4.0
for_e (pp) for_c	1.0	4.0
h_e (pp) FORt2	1.0	4.0
h_e (pp) h_c	1.0	4.0
h_e (pp) for_c	1.0	4.0
FORt2 (pp) FORt2	1.0	4.0
FORt2 (pp) h_c	1.0	4.0
FORt2 (pp) for_c	1.0	4.0
for_c (pp) FORti	1.0	0.25
for_c (pp) for_e	1.0	0.25
FORti (pp) FORti	1.0	0.25
FORti (pp) for_e	1.0	0.25
q8h2_c (pp) FRD7	1.0	1.0
q8h2_c (pp) succ_c	1.0	1.0
q8h2_c (pp) q8_c	1.0	1.0
fum_c (pp) FRD7	1.0	1.0
fum_c (pp) succ_c	1.0	1.0
fum_c (pp) q8_c	1.0	1.0
FRD7 (pp) FRD7	1.0	1.0
FRD7 (pp) succ_c	1.0	1.0
FRD7 (pp) q8_c	1.0	1.0
fru_e (pp) FRUpts2	1.0	2.0
fru_e (pp) pyr_c	1.0	2.0
fru_e (pp) f6p_c	1.0	2.0
pep_c (pp) FRUpts2	1.0	2.0
pep_c (pp) pyr_c	1.0	2.0
pep_c (pp) f6p_c	1.0	2.0
FRUpts2 (pp) FRUpts2	1.0	2.0
FRUpts2 (pp) pyr_c	1.0	2.0
FRUpts2 (pp) f6p_c	1.0	2.0
fum_c (pp) FUM	1.0	1.0
fum_c (pp) mal__L_c	1.0	1.0
h2o_c (pp) FUM	1.0	1.0
h2o_c (pp) mal__L_c	1.0	1.0
FUM (pp) FUM	1.0	1.0
FUM (pp) mal__L_c	1.0	1.0
h_e (pp) FUMt2_2	1.0	4.0
h_e (pp) fum_c	1.0	4.0
h_e (pp) h_c	1.0	4.0
fum_e (pp) FUMt2_2	1.0	4.0
fum_e (pp) fum_c	1.0	4.0
fum_e (pp) h_c	1.0	4.0
FUMt2_2 (pp) FUMt2_2	1.0	4.0
FUMt2_2 (pp) fum_c	1.0	4.0
FUMt2_2 (pp) h_c	1.0	4.0
g6p_c (pp) G6PDH2r	1.0	4.0
g6p_c (pp) 6pgl_c	1.0	4.0
g6p_c (pp) nadph_c	1.0	4.0
g6p_c (pp) h_c	1.0	4.0
nadp_c (pp) G6PDH2r	1.0	4.0
nadp_c (pp) 6pgl_c	1.0	4.0
nadp_c (pp) nadph_c	1.0	4.0
nadp_c (pp) h_c	1.0	4.0
G6PDH2r (pp) G6PDH2r	1.0	4.0
G6PDH2r (pp) 6pgl_c	1.0	4.0
G6PDH2r (pp) nadph_c	1.0	4.0
G6PDH2r (pp) h_c	1.0	4.0
pi_c (pp) GAPD	1.0	4.0
pi_c (pp) 13dpg_c	1.0	4.0
pi_c (pp) h_c	1.0	4.0
pi_c (pp) nadh_c	1.0	4.0
g3p_c (pp) GAPD	1.0	4.0
g3p_c (pp) 13dpg_c	1.0	4.0
g3p_c (pp) h_c	1.0	4.0
g3p_c (pp) nadh_c	1.0	4.0
nad_c (pp) GAPD	1.0	4.0
nad_c (pp) 13dpg_c	1.0	4.0
nad_c (pp) h_c	1.0	4.0
nad_c (pp) nadh_c	1.0	4.0
GAPD (pp) GAPD	1.0	4.0
GAPD (pp) 13dpg_c	1.0	4.0
GAPD (pp) h_c	1.0	4.0
GAPD (pp) nadh_c	1.0	4.0
pep_c (pp) GLCpts	1.0	0.25
pep_c (pp) g6p_c	1.0	0.25
pep_c (pp) pyr_c	1.0	0.25
glc__D_e (pp) GLCpts	1.0	0.25
glc__D_e (pp) g6p_c	1.0	0.25
glc__D_e (pp) pyr_c	1.0	0.25
GLCpts (pp) GLCpts	1.0	0.25
GLCpts (pp) g6p_c	1.0	0.25
GLCpts (pp) pyr_c	1.0	0.25
atp_c (pp) GLNS	1.0	4.0
atp_c (pp) h_c	1.0	4.0
atp_c (pp) adp_c	1.0	4.0
atp_c (pp) pi_c	1.0	4.0
atp_c (pp) gln__L_c	1.0	4.0
glu__L_c (pp) GLNS	1.0	4.0
glu__L_c (pp) h_c	1.0	4.0
glu__L_c (pp) adp_c	1.0	4.0
glu__L_c (pp) pi_c	1.0	4.0
glu__L_c (pp) gln__L_c	1.0	4.0
nh4_c (pp) GLNS	1.0	4.0
nh4_c (pp) h_c	1.0	4.0
nh4_c (pp) adp_c	1.0	4.0
nh4_c (pp) pi_c	1.0	4.0
nh4_c (pp) gln__L_c	1.0	4.0
GLNS (pp) GLNS	1.0	4.0
GLNS (pp) h_c	1.0	4.0
GLNS (pp) adp_c	1.0	4.0
GLNS (pp) pi_c	1.0	4.0
GLNS (pp) gln__L_c	1.0	4.0
h2o_c (pp) GLNabc	1.0	4.0
h2o_c (pp) h_c	1.0	4.0
h2o_c (pp) adp_c	1.0	4.0
h2o_c (pp) pi_c	1.0	4.0
h2o_c (pp) gln__L_c	1.0	4.0
atp_c (pp) GLNabc	1.0	4.0
atp_c (pp) h_c	1.0	4.0
atp_c (pp) adp_c	1.0	4.0
atp_c (pp) pi_c	1.0	4.0
atp_c (pp) gln__L_c	1.0	4.0
gln__L_e (pp) GLNabc	1.0	4.0
gln__L_e (pp) h_c	1.0	4.0
gln__L_e (pp) adp_c	1.0	4.0
gln__L_e (pp) pi_c	1.0	4.0
gln__L_e (pp) gln__L_c	1.0	4.0
GLNabc (pp) GLNabc	1.0	4.0
GLNabc (pp) h_c	1.0	4.0
GLNabc (pp) adp_c	1.0	4.0
GLNabc (pp) pi_c	1.0	4.0
GLNabc (pp) gln__L_c	1.0	4.0
h2o_c (pp) GLUDy	1.0	4.0
h2o_c (pp) akg_c	1.0	4.0
h2o_c (pp) nadph_c	1.0	4.0
h2o_c (pp) h_c	1.0	4.0
h2o_c (pp) nh4_c	1.0	4.0
nadp_c (pp) GLUDy	1.0	4.0
nadp_c (pp) akg_c	1.0	4.0
nadp_c (pp) nadph_c	1.0	4.0
nadp_c (pp) h_c	1.0	4.0
nadp_c (pp) nh4_c	1.0	4.0
glu__L_c (pp) GLUDy	1.0	4.0
glu__L_c (pp) akg_c	1.0	4.0
glu__L_c (pp) nadph_c	1.0	4.0
glu__L_c (pp) h_c	1.0	4.0
glu__L_c (pp) nh4_c	1.0	4.0
GLUDy (pp) GLUDy	1.0	4.0
GLUDy (pp) akg_c	1.0	4.0
GLUDy (pp) nadph_c	1.0	4.0
GLUDy (pp) h_c	1.0	4.0
GLUDy (pp) nh4_c	1.0	4.0
h2o_c (pp) GLUN	1.0	4.0
h2o_c (pp) glu__L_c	1.0	4.0
h2o_c (pp) nh4_c	1.0	4.0
gln__L_c (pp) GLUN	1.0	4.0
gln__L_c (pp) glu__L_c	1.0	4.0
gln__L_c (pp) nh4_c	1.0	4.0
GLUN (pp) GLUN	1.0	4.0
GLUN (pp) glu__L_c	1.0	4.0
GLUN (pp) nh4_c	1.0	4.0
akg_c (pp) GLUSy	1.0	0.25
akg_c (pp) nadp_c	1.0	0.25
akg_c (pp) glu__L_c	1.0	0.25
nadph_c (pp) GLUSy	1.0	0.25
nadph_c (pp) nadp_c	1.0	0.25
nadph_c (pp) glu__L_c	1.0	0.25
h_c (pp) GLUSy	1.0	0.25
h_c (pp) nadp_c	1.0	0.25
h_c (pp) glu__L_c	1.0	0.25
gln__L_c (pp) GLUSy	1.0	0.25
gln__L_c (pp) nadp_c	1.0	0.25
gln__L_c (pp) glu__L_c	1.0	0.25
GLUSy (pp) GLUSy	1.0	0.25
GLUSy (pp) nadp_c	1.0	0.25
GLUSy (pp) glu__L_c	1.0	0.25
h_e (pp) GLUt2r	1.0	4.0
h_e (pp) glu__L_c	1.0	4.0
h_e (pp) h_c	1.0	4.0
glu__L_e (pp) GLUt2r	1.0	4.0
glu__L_e (pp) glu__L_c	1.0	4.0
glu__L_e (pp) h_c	1.0	4.0
GLUt2r (pp) GLUt2r	1.0	4.0
GLUt2r (pp) glu__L_c	1.0	4.0
GLUt2r (pp) h_c	1.0	4.0
6pgc_c (pp) GND	1.0	4.0
6pgc_c (pp) nadph_c	1.0	4.0
6pgc_c (pp) co2_c	1.0	4.0
6pgc_c (pp) ru5p__D_c	1.0	4.0
nadp_c (pp) GND	1.0	4.0
nadp_c (pp) nadph_c	1.0	4.0
nadp_c (pp) co2_c	1.0	4.0
nadp_c (pp) ru5p__D_c	1.0	4.0
GND (pp) GND	1.0	4.0
GND (pp) nadph_c	1.0	4.0
GND (pp) co2_c	1.0	4.0
GND (pp) ru5p__D_c	1.0	4.0
h2o_e (pp) H2Ot	1.0	0.25
h2o_e (pp) h2o_c	1.0	0.25
H2Ot (pp) H2Ot	1.0	0.25
H2Ot (pp) h2o_c	1.0	0.25
icit_c (pp) ICDHyr	1.0	4.0
icit_c (pp) akg_c	1.0	4.0
icit_c (pp) nadph_c	1.0	4.0
icit_c (pp) co2_c	1.0	4.0
nadp_c (pp) ICDHyr	1.0	4.0
nadp_c (pp) akg_c	1.0	4.0
nadp_c (pp) nadph_c	1.0	4.0
nadp_c (pp) co2_c	1.0	4.0
ICDHyr (pp) ICDHyr	1.0	4.0
ICDHyr (pp) akg_c	1.0	4.0
ICDHyr (pp) nadph_c	1.0	4.0
ICDHyr (pp) co2_c	1.0	4.0
icit_c (pp) ICL	1.0	1.0
icit_c (pp) succ_c	1.0	1.0
icit_c (pp) glx_c	1.0	1.0
ICL (pp) ICL	1.0	1.0
ICL (pp) succ_c	1.0	1.0
ICL (pp) glx_c	1.0	1.0
lac__D_c (pp) LDH_D	1.0	4.0
lac__D_c (pp) pyr_c	1.0	4.0
lac__D_c (pp) nadh_c	1.0	4.0
lac__D_c (pp) h_c	1.0	4.0
nad_c (pp) LDH_D	1.0	4.0
nad_c (pp) pyr_c	1.0	4.0
nad_c (pp) nadh_c	1.0	4.0
nad_c (pp) h_c	1.0	4.0
LDH_D (pp) LDH_D	1.0	4.0
LDH_D (pp) pyr_c	1.0	4.0
LDH_D (pp) nadh_c	1.0	4.0
LDH_D (pp) h_c	1.0	4.0
h2o_c (pp) MALS	1.0	4.0
h2o_c (pp) mal__L_c	1.0	4.0
h2o_c (pp) h_c	1.0	4.0
h2o_c (pp) coa_c	1.0	4.0
glx_c (pp) MALS	1.0	4.0
glx_c (pp) mal__L_c	1.0	4.0
glx_c (pp) h_c	1.0	4.0
glx_c (pp) coa_c	1.0	4.0
accoa_c (pp) MALS	1.0	4.0
accoa_c (pp) mal__L_c	1.0	4.0
accoa_c (pp) h_c	1.0	4.0
accoa_c (pp) coa_c	1.0	4.0
MALS (pp) MALS	1.0	4.0
MALS (pp) mal__L_c	1.0	4.0
MALS (pp) h_c	1.0	4.0
MALS (pp) coa_c	1.0	4.0
h_e (pp) MALt2_2	1.0	4.0
h_e (pp) mal__L_c	1.0	4.0
h_e (pp) h_c	1.0	4.0
mal__L_e (pp) MALt2_2	1.0	4.0
mal__L_e (pp) mal__L_c	1.0	4.0
mal__L_e (pp) h_c	1.0	4.0
MALt2_2 (pp) MALt2_2	1.0	4.0
MALt2_2 (pp) mal__L_c	1.0	4.0
MALt2_2 (pp) h_c	1.0	4.0
mal__L_c (pp) MDH	1.0	4.0
mal__L_c (pp) nadh_c	1.0	4.0
mal__L_c (pp) oaa_c	1.0	4.0
mal__L_c (pp) h_c	1.0	4.0
nad_c (pp) MDH	1.0	4.0
nad_c (pp) nadh_c	1.0	4.0
nad_c (pp) oaa_c	1.0	4.0
nad_c (pp) h_c	1.0	4.0
MDH (pp) MDH	1.0	4.0
MDH (pp) nadh_c	1.0	4.0
MDH (pp) oaa_c	1.0	4.0
MDH (pp) h_c	1.0	4.0
mal__L_c (pp) ME1	1.0	4.0
mal__L_c (pp) nadh_c	1.0	4.0
mal__L_c (pp) co2_c	1.0	4.0
mal__L_c (pp) pyr_c	1.0	4.0
nad_c (pp) ME1	1.0	4.0
nad_c (pp) nadh_c	1.0	4.0
nad_c (pp) co2_c	1.0	4.0
nad_c (pp) pyr_c	1.0	4.0
ME1 (pp) ME1	1.0	4.0
ME1 (pp) nadh_c	1.0	4.0
ME1 (pp) co2_c	1.0	4.0
ME1 (pp) pyr_c	1.0	4.0
nadp_c (pp) ME2	1.0	4.0
nadp_c (pp) pyr_c	1.0	4.0
nadp_c (pp) co2_c	1.0	4.0
nadp_c (pp) nadph_c	1.0	4.0
mal__L_c (pp) ME2	1.0	4.0
mal__L_c (pp) pyr_c	1.0	4.0
mal__L_c (pp) co2_c	1.0	4.0
mal__L_c (pp) nadph_c	1.0	4.0
ME2 (pp) ME2	1.0	4.0
ME2 (pp) pyr_c	1.0	4.0
ME2 (pp) co2_c	1.0	4.0
ME2 (pp) nadph_c	1.0	4.0
h_c (pp) NADH16	1.0	0.25
h_c (pp) q8h2_c	1.0	0.25
h_c (pp) h_e	1.0	0.25
h_c (pp) nad_c	1.0	0.25
nadh_c (pp) NADH16	1.0	0.25
nadh_c (pp) q8h2_c	1.0	0.25
nadh_c (pp) h_e	1.0	0.25
nadh_c (pp) nad_c	1.0	0.25
q8_c (pp) NADH16	1.0	0.25
q8_c (pp) q8h2_c	1.0	0.25
q8_c (pp) h_e	1.0	0.25
q8_c (pp) nad_c	1.0	0.25
NADH16 (pp) NADH16	1.0	0.25
NADH16 (pp) q8h2_c	1.0	0.25
NADH16 (pp) h_e	1.0	0.25
NADH16 (pp) nad_c	1.0	0.25
nadph_c (pp) NADTRHD	1.0	0.5
nadph_c (pp) nadh_c	1.0	0.5
nadph_c (pp) nadp_c	1.0	0.5
nad_c (pp) NADTRHD	1.0	0.5
nad_c (pp) nadh_c	1.0	0.5
nad_c (pp) nadp_c	1.0	0.5
NADTRHD (pp) NADTRHD	1.0	0.5
NADTRHD (pp) nadh_c	1.0	0.5
NADTRHD (pp) nadp_c	1.0	0.5
nh4_e (pp) NH4t	1.0	0.5
nh4_e (pp) nh4_c	1.0	0.5
NH4t (pp) NH4t	1.0	0.5
NH4t (pp) nh4_c	1.0	0.5
o2_e (pp) O2t	1.0	1.0
o2_e (pp) o2_c	1.0	1.0
O2t (pp) O2t	1.0	1.0
O2t (pp) o2_c	1.0	1.0
nad_c (pp) PDH	1.0	4.0
nad_c (pp) nadh_c	1.0	4.0
nad_c (pp) accoa_c	1.0	4.0
nad_c (pp) co2_c	1.0	4.0
pyr_c (pp) PDH	1.0	4.0
pyr_c (pp) nadh_c	1.0	4.0
pyr_c (pp) accoa_c	1.0	4.0
pyr_c (pp) co2_c	1.0	4.0
coa_c (pp) PDH	1.0	4.0
coa_c (pp) nadh_c	1.0	4.0
coa_c (pp) accoa_c	1.0	4.0
coa_c (pp) co2_c	1.0	4.0
PDH (pp) PDH	1.0	4.0
PDH (pp) nadh_c	1.0	4.0
PDH (pp) accoa_c	1.0	4.0
PDH (pp) co2_c	1.0	4.0
f6p_c (pp) PFK	1.0	4.0
f6p_c (pp) h_c	1.0	4.0
f6p_c (pp) adp_c	1.0	4.0
f6p_c (pp) fdp_c	1.0	4.0
atp_c (pp) PFK	1.0	4.0
atp_c (pp) h_c	1.0	4.0
atp_c (pp) adp_c	1.0	4.0
atp_c (pp) fdp_c	1.0	4.0
PFK (pp) PFK	1.0	4.0
PFK (pp) h_c	1.0	4.0
PFK (pp) adp_c	1.0	4.0
PFK (pp) fdp_c	1.0	4.0
pyr_c (pp) PFL	1.0	0.5
pyr_c (pp) for_c	1.0	0.5
pyr_c (pp) accoa_c	1.0	0.5
coa_c (pp) PFL	1.0	0.5
coa_c (pp) for_c	1.0	0.5
coa_c (pp) accoa_c	1.0	0.5
PFL (pp) PFL	1.0	0.5
PFL (pp) for_c	1.0	0.5
PFL (pp) accoa_c	1.0	0.5
g6p_c (pp) PGI	1.0	4.0
g6p_c (pp) f6p_c	1.0	4.0
PGI (pp) PGI	1.0	4.0
PGI (pp) f6p_c	1.0	4.0
atp_c (pp) PGK	1.0	4.0
atp_c (pp) adp_c	1.0	4.0
atp_c (pp) 13dpg_c	1.0	4.0
3pg_c (pp) PGK	1.0	4.0
3pg_c (pp) adp_c	1.0	4.0
3pg_c (pp) 13dpg_c	1.0	4.0
PGK (pp) PGK	1.0	4.0
PGK (pp) adp_c	1.0	4.0
PGK (pp) 13dpg_c	1.0	4.0
h2o_c (pp) PGL	1.0	4.0
h2o_c (pp) 6pgc_c	1.0	4.0
h2o_c (pp) h_c	1.0	4.0
6pgl_c (pp) PGL	1.0	4.0
6pgl_c (pp) 6pgc_c	1.0	4.0
6pgl_c (pp) h_c	1.0	4.0
PGL (pp) PGL	1.0	4.0
PGL (pp) 6pgc_c	1.0	4.0
PGL (pp) h_c	1.0	4.0
2pg_c (pp) PGM	1.0	0.25
2pg_c (pp) 3pg_c	1.0	0.25
PGM (pp) PGM	1.0	0.25
PGM (pp) 3pg_c	1.0	0.25
h_e (pp) PIt2r	1.0	4.0
h_e (pp) pi_c	1.0	4.0
h_e (pp) h_c	1.0	4.0
pi_e (pp) PIt2r	1.0	4.0
pi_e (pp) pi_c	1.0	4.0
pi_e (pp) h_c	1.0	4.0
PIt2r (pp) PIt2r	1.0	4.0
PIt2r (pp) pi_c	1.0	4.0
PIt2r (pp) h_c	1.0	4.0
h2o_c (pp) PPC	1.0	4.0
h2o_c (pp) h_c	1.0	4.0
h2o_c (pp) oaa_c	1.0	4.0
h2o_c (pp) pi_c	1.0	4.0
co2_c (pp) PPC	1.0	4.0
co2_c (pp) h_c	1.0	4.0
co2_c (pp) oaa_c	1.0	4.0
co2_c (pp) pi_c	1.0	4.0
pep_c (pp) PPC	1.0	4.0
pep_c (pp) h_c	1.0	4.0
pep_c (pp) oaa_c	1.0	4.0
pep_c (pp) pi_c	1.0	4.0
PPC (pp) PPC	1.0	4.0
PPC (pp) h_c	1.0	4.0
PPC (pp) oaa_c	1.0	4.0
PPC (pp) pi_c	1.0	4.0
oaa_c (pp) PPCK	1.0	4.0
oaa_c (pp) pep_c	1.0	4.0
oaa_c (pp) co2_c	1.0	4.0
oaa_c (pp) adp_c	1.0	4.0
atp_c (pp) PPCK	1.0	4.0
atp_c (pp) pep_c	1.0	4.0
atp_c (pp) co2_c	1.0	4.0
atp_c (pp) adp_c	1.0	4.0
PPCK (pp) PPCK	1.0	4.0
PPCK (pp) pep_c	1.0	4.0
PPCK (pp) co2_c	1.0	4.0
PPCK (pp) adp_c	1.0	4.0
h2o_c (pp) PPS	1.0	4.0
h2o_c (pp) pep_c	1.0	4.0
h2o_c (pp) h_c	1.0	4.0
h2o_c (pp) pi_c	1.0	4.0
h2o_c (pp) amp_c	1.0	4.0
atp_c (pp) PPS	1.0	4.0
atp_c (pp) pep_c	1.0	4.0
atp_c (pp) h_c	1.0	4.0
atp_c (pp) pi_c	1.0	4.0
atp_c (pp) amp_c	1.0	4.0
pyr_c (pp) PPS	1.0	4.0
pyr_c (pp) pep_c	1.0	4.0
pyr_c (pp) h_c	1.0	4.0
pyr_c (pp) pi_c	1.0	4.0
pyr_c (pp) amp_c	1.0	4.0
PPS (pp) PPS	1.0	4.0
PPS (pp) pep_c	1.0	4.0
PPS (pp) h_c	1.0	4.0
PPS (pp) pi_c	1.0	4.0
PPS (pp) amp_c	1.0	4.0
pi_c (pp) PTAr	1.0	2.0
pi_c (pp) coa_c	1.0	2.0
pi_c (pp) actp_c	1.0	2.0
accoa_c (pp) PTAr	1.0	2.0
accoa_c (pp) coa_c	1.0	2.0
accoa_c (pp) actp_c	1.0	2.0
PTAr (pp) PTAr	1.0	2.0
PTAr (pp) coa_c	1.0	2.0
PTAr (pp) actp_c	1.0	2.0
pep_c (pp) PYK	1.0	0.25
pep_c (pp) pyr_c	1.0	0.25
pep_c (pp) atp_c	1.0	0.25
h_c (pp) PYK	1.0	0.25
h_c (pp) pyr_c	1.0	0.25
h_c (pp) atp_c	1.0	0.25
adp_c (pp) PYK	1.0	0.25
adp_c (pp) pyr_c	1.0	0.25
adp_c (pp) atp_c	1.0	0.25
PYK (pp) PYK	1.0	0.25
PYK (pp) pyr_c	1.0	0.25
PYK (pp) atp_c	1.0	0.25
h_e (pp) PYRt2	1.0	4.0
h_e (pp) pyr_c	1.0	4.0
h_e (pp) h_c	1.0	4.0
pyr_e (pp) PYRt2	1.0	4.0
pyr_e (pp) pyr_c	1.0	4.0
pyr_e (pp) h_c	1.0	4.0
PYRt2 (pp) PYRt2	1.0	4.0
PYRt2 (pp) pyr_c	1.0	4.0
PYRt2 (pp) h_c	1.0	4.0
ru5p__D_c (pp) RPE	1.0	0.25
ru5p__D_c (pp) xu5p__D_c	1.0	0.25
RPE (pp) RPE	1.0	0.25
RPE (pp) xu5p__D_c	1.0	0.25
r5p_c (pp) RPI	1.0	0.5
r5p_c (pp) ru5p__D_c	1.0	0.5
RPI (pp) RPI	1.0	0.5
RPI (pp) ru5p__D_c	1.0	0.5
h_e (pp) SUCCt2_2	1.0	4.0
h_e (pp) succ_c	1.0	4.0
h_e (pp) h_c	1.0	4.0
succ_e (pp) SUCCt2_2	1.0	4.0
succ_e (pp) succ_c	1.0	4.0
succ_e (pp) h_c	1.0	4.0
SUCCt2_2 (pp) SUCCt2_2	1.0	4.0
SUCCt2_2 (pp) succ_c	1.0	4.0
SUCCt2_2 (pp) h_c	1.0	4.0
succ_c (pp) SUCCt3	1.0	0.5
succ_c (pp) succ_e	1.0	0.5
succ_c (pp) h_c	1.0	0.5
h_e (pp) SUCCt3	1.0	0.5
h_e (pp) succ_e	1.0	0.5
h_e (pp) h_c	1.0	0.5
SUCCt3 (pp) SUCCt3	1.0	0.5
SUCCt3 (pp) succ_e	1.0	0.5
SUCCt3 (pp) h_c	1.0	0.5
succ_c (pp) SUCDi	1.0	1.0
succ_c (pp) q8h2_c	1.0	1.0
succ_c (pp) fum_c	1.0	1.0
q8_c (pp) SUCDi	1.0	1.0
q8_c (pp) q8h2_c	1.0	1.0
q8_c (pp) fum_c	1.0	1.0
SUCDi (pp) SUCDi	1.0	1.0
SUCDi (pp) q8h2_c	1.0	1.0
SUCDi (pp) fum_c	1.0	1.0
atp_c (pp) SUCOAS	1.0	4.0
atp_c (pp) succoa_c	1.0	4.0
atp_c (pp) adp_c	1.0	4.0
atp_c (pp) pi_c	1.0	4.0
succ_c (pp) SUCOAS	1.0	4.0
succ_c (pp) succoa_c	1.0	4.0
succ_c (pp) adp_c	1.0	4.0
succ_c (pp) pi_c	1.0	4.0
coa_c (pp) SUCOAS	1.0	4.0
coa_c (pp) succoa_c	1.0	4.0
coa_c (pp) adp_c	1.0	4.0
coa_c (pp) pi_c	1.0	4.0
SUCOAS (pp) SUCOAS	1.0	4.0
SUCOAS (pp) succoa_c	1.0	4.0
SUCOAS (pp) adp_c	1.0	4.0
SUCOAS (pp) pi_c	1.0	4.0
s7p_c (pp) TALA	1.0	0.25
s7p_c (pp) e4p_c	1.0	0.25
s7p_c (pp) f6p_c	1.0	0.25
g3p_c (pp) TALA	1.0	0.25
g3p_c (pp) e4p_c	1.0	0.25
g3p_c (pp) f6p_c	1.0	0.25
TALA (pp) TALA	1.0	0.25
TALA (pp) e4p_c	1.0	0.25
TALA (pp) f6p_c	1.0	0.25
nadp_c (pp) THD2	1.0	0.5
nadp_c (pp) nadph_c	1.0	0.5
nadp_c (pp) h_c	1.0	0.5
nadp_c (pp) nad_c	1.0	0.5
h_e (pp) THD2	1.0	0.5
h_e (pp) nadph_c	1.0	0.5
h_e (pp) h_c	1.0	0.5
h_e (pp) nad_c	1.0	0.5
nadh_c (pp) THD2	1.0	0.5
nadh_c (pp) nadph_c	1.0	0.5
nadh_c (pp) h_c	1.0	0.5
nadh_c (pp) nad_c	1.0	0.5
THD2 (pp) THD2	1.0	0.5
THD2 (pp) nadph_c	1.0	0.5
THD2 (pp) h_c	1.0	0.5
THD2 (pp) nad_c	1.0	0.5
r5p_c (pp) TKT1	1.0	1.0
r5p_c (pp) g3p_c	1.0	1.0
r5p_c (pp) s7p_c	1.0	1.0
xu5p__D_c (pp) TKT1	1.0	1.0
xu5p__D_c (pp) g3p_c	1.0	1.0
xu5p__D_c (pp) s7p_c	1.0	1.0
TKT1 (pp) TKT1	1.0	1.0
TKT1 (pp) g3p_c	1.0	1.0
TKT1 (pp) s7p_c	1.0	1.0
e4p_c (pp) TKT2	1.0	4.0
e4p_c (pp) g3p_c	1.0	4.0
e4p_c (pp) f6p_c	1.0	4.0
xu5p__D_c (pp) TKT2	1.0	4.0
xu5p__D_c (pp) g3p_c	1.0	4.0
xu5p__D_c (pp) f6p_c	1.0	4.0
TKT2 (pp) TKT2	1.0	4.0
TKT2 (pp) g3p_c	1.0	4.0
TKT2 (pp) f6p_c	1.0	4.0
dhap_c (pp) TPI	1.0	1.0
dhap_c (pp) g3p_c	1.0	1.0
TPI (pp) TPI	1.0	1.0
TPI (pp) g3p_c	1.0	1.0
NONE (pp) NONE	0.001	0.001
